"0x8b0890","Chapter Number Pointer","Object Type","Palette","Tile Configuration","Map","Tile Animation 1","Tile Animation 2","Triggerable Map Changes","Fog of War sight level (0 = No fog)","Battle Preparations","Save Menu Chapter Name","Always Zero","Unknown","Unknown","Weather Condition","Battle tileset","Hard Mode Bonus levels (top nibble only)","Byte 22","Player Phase music","Enemy Phase music","NPC Phase music","##UNKNOWN##","Player Phase music 2","Enemy Phase music 2","NPC Phase music 2","##UNKNOWN##","Destructible Walls HP","##UNKNOWN##","Byte 62","Byte 63","Byte 64","Byte 65","Byte 66","Byte 67","##UNKNOWN##","Funds 1","Funds 2","Funds 3","Funds 4","##UNKNOWN##","Event Data Reference","Worldmap Chapter Prologue Scene","##UNKNOWN##","Prep Screen Chapter Number (multiply by 2, e.g. Ch 2x = 2.5*2 = 5)","##UNKNOWN##","No. of enemies left for Grasping at Victory","Chapter Title Display Fade-out","Status - Objective Text","Goal Window Text","Goal Window Information","Turns to count down to +1","Protect Character Marker","Tile Marker - X-Coordinate","Tile Marker - Y-Coordinate","##UNKNOWN##"
"0x0","0x81c32c8","0x42","0x43","0x44","0x4","0x5","0x0","0x6","0","0","0x0","0x0","0x1","0x0","0","0x0","0x10","0x0","0x9","0x13","0x13","0x1300130009","0x9","0xffff","0xb","0xffffffff","50","0x8080808070707070606060605050505","0x0","0x64","0x0","0x64","0x0","0x64","0x28002800280028003c003c003c003c0050005000500050006400",10000,10000,10000,10000,"0x1600160","0x7","0x1","0x0","0","0xffff00",0,"0x1","WinAgainstGharnefText","0x19d","0x3","0","0x0",2,"0","0x1d"
"0x1","0x0","0x0","0x0","0x0","0x0","0x0","0x0","0x0","0","0","0x0","0x0","0x0","0x0","0","0x0","0x0","0x0","0x0","0x0","0x0","0x0","0x0","0x0","0x0","0x0","0","0x0","0x0","0x0","0x0","0x0","0x0","0x0","0x0","0","0","0","0","0x0","0x0","0x0","0x0","0","0x0","0","0x0","0x0","0x0","0x0","0","0x0",0,"0","0x0"
"0x2","0x81c32d0","0x42","0x43","0x44","0xb","0x5","0x0","0x0","0","0","0x2","0x0","0x1","0x0","0","0x0","0x24","0x2","0x9","0x13","0xf","0xf00130009","0xffff","0xffff","0xb","0xffffffff","50","0x8080808070707070606060605050505","0x0","0x64","0x0","0x64","0x0","0x64","0x28002800280028003c003c003c003c0050005000500050006400","1060","1060","1060","1060","0x1620162","0xd","0x3","0x0","4","0xffff00","1","0x1","0x1a4","0x19e","0x1","0","0x0","255","0","0x3"
"0x3","0x81c32d4","0xe","0xf","0x10","0x11","0x12","0x0","0x13","0","0","0x3","0x0","0x8","0xa","0","0x5","0x24","0x2","0x9","0x13","0xf","0xf00130009","0xffff","0xffff","0xb","0xffffffff","25","0x8080808070707070606060605050505","0x0","0x64","0x0","0x64","0x0","0x64","0x28002800280028003c003c003c003c0050005000500050006400","1060","1060","1060","1060","0x1630163","0x14","0x4","0x0","6","0xffff00","1","0x1","0x1a5","0x1a1","0x0","0","0x0","255","0","0x28"
"0x4","0x81c32d8","0x1","0x2","0x3","0x15","0x5","0x0","0x16","0","0","0x4","0x0","0x1","0x0","0","0x0","0x34","0x2","0x9","0x13","0xf","0xf00130009","0xffff","0xffff","0xb","0xffffffff","50","0x8080808070707070606060605050505","0x0","0x64","0x0","0x64","0x0","0x64","0x28002800280028003c003c003c003c0050005000500050006400","1060","1060","1060","1060","0x1640164","0x17","0x5","0x0","8","0xffff00","1","0x0","0x1a6","0x19e","0x1","0","0x0","255","0","0x18"
"0x5","0x81c32dc","0x18","0x19","0x1a","0x1b","0x1c","0x0","0x1d","0","0","0x5","0x0","0x1","0x0","0","0x0","0x32","0x0","0xb","0x13","0xf","0xf0013000b","0xffff","0xffff","0xb","0xffffffff","50","0x8080808070707070606060605050505","0x0","0x64","0x0","0x64","0x0","0x64","0x28002800280028003c003c003c003c0050005000500050006400","1060","1060","1060","1060","0x1650165","0x1e","0x6","0x0","10","0xffff00","1","0x1","0x1a8","0x1a1","0x0","0","0x0","255","0","0xc"
"0x6","0x81c32e0","0xe","0xf","0x10","0x1f","0x12","0x0","0x20","0","0","0x6","0x0","0x8","0xa","0","0x6","0x34","0x2","0x9","0x13","0xf","0xf00130009","0xffff","0xffff","0xb","0xffffffff","50","0x8080808070707070606060605050505","0x0","0x64","0x0","0x64","0x0","0x64","0x28002800280028003c003c003c003c0050005000500050006400","1060","1060","1060","1060","0x1660166","0x21","0x7","0x0","10","0xffff00","1","0x1","0x1a7","0x19d","0x3","0","0x0","255","0","0x5"
"0x7","0x81c32e4","0x1","0x2","0x3","0x22","0x0","0x0","0x23","3","0","0x7","0x0","0x8","0x8","0","0x0","0x34","0x2","0x11","0x18","0x11","0x1100180011","0xffff","0xffff","0xb","0xffffffff","50","0x8080808070707070606060605050505","0x0","0x64","0x0","0x64","0x0","0x64","0x28002800280028003c003c003c003c0050005000500050006400","1060","1060","1060","1060","0x1670167","0x24","0x8","0x0","12","0xffff00","1","0x1","0x1a9","0x19d","0x3","0","0x0","255","0","0x1a"
"0x8","0x81c32e8","0x1","0x2","0x3","0x25","0x5","0x0","0x26","0","0","0x8","0x0","0x8","0x10","0","0x0","0x34","0x2","0x9","0x13","0xf","0xf00130009","0xffff","0xffff","0xb","0xffffffff","50","0x8080808070707070606060605050505","0x0","0x64","0x0","0x64","0x0","0x64","0x28002800280028003c003c003c003c0050005000500050006400","1060","1060","1060","1060","0x1680168","0x27","0x9","0x0","14","0xffff00","1","0x1","0x1aa","0x19f","0x0","0","0x0","255","0","0x18"
"0x9","0x81c32ec","0x18","0x19","0x1a","0x28","0x1c","0x0","0x29","0","0","0x9","0x0","0x11","0x11","0","0x0","0x34","0x2","0x9","0x13","0xf","0xf00130009","0xffff","0xffff","0xb","0xffffffff","50","0x8080808070707070606060605050505","0x0","0x64","0x0","0x64","0x0","0x64","0x28002800280028003c003c003c003c0050005000500050006400","1060","1060","1060","1060","0x1690169","0x2a","0xa","0x0","16","0xffff00","1","0x0","0x1ab","0x1a1","0x0","0","0x0","255","0","0xc"
"0xa","0x81c32f0","0xe","0xf","0x10","0x2b","0x12","0x0","0x2c","0","0","0xa","0x0","0x14","0x4","0","0x6","0x34","0x2","0xa","0x14","0xf","0xf0014000a","0xffff","0xffff","0xb","0xffffffff","50","0x8080808070707070606060605050505","0x0","0x64","0x0","0x64","0x0","0x64","0x28002800280028003c003c003c003c0050005000500050006400","1060","1060","1060","1060","0x16a016a","0x2d","0xb","0x0","18","0xffff00","1","0x1","0x1ac","0x19e","0x1","0","0x0","255","0","0x7"
"0xb","0x81c32f4","0x2e","0x2f","0x30","0x31","0x0","0x0","0x32","0","0","0xb","0x0","0x8","0xf","0","0x12","0x34","0x2","0xa","0x14","0xf","0xf0014000a","0xffff","0xffff","0xb","0xffffffff","50","0x8080808070707070606060605050505","0x0","0x64","0x0","0x64","0x0","0x64","0x28002800280028003c003c003c003c0050005000500050006400","1060","1060","1060","1060","0x16b016b","0x33","0xc","0x0","20","0xffff00","1","0x1","0x1ad","0x19f","0x0","0","0x0","255","0","0x1d"
"0xc","0x81c32f8","0x2e","0x34","0x30","0x35","0x0","0x0","0x36","0","0","0xc","0x0","0x8","0x16","0","0x12","0x34","0x2","0xa","0x14","0xf","0xf0014000a","0xffff","0xffff","0xb","0xffffffff","50","0x8080808070707070606060605050505","0x0","0x64","0x0","0x64","0x0","0x64","0x28002800280028003c003c003c003c0050005000500050006400","1060","1060","1060","1060","0x16c016c","0x37","0xd","0x0","24","0xffff00","1","0x0","0x1af","0x19e","0x1","0","0x0","255","0","0x1d"
"0xd","0x81c32fc","0x1","0x38","0x3","0x39","0x5","0x0","0x3a","0","0","0xd","0x0","0x8","0x8","0","0x0","0x34","0x2","0xa","0x14","0xf","0xf0014000a","0xffff","0xffff","0xb","0xffffffff","50","0x8080808070707070606060605050505","0x0","0x64","0x0","0x64","0x0","0x64","0x28002800280028003c003c003c003c0050005000500050006400","1060","1060","1060","1060","0x16d016d","0x3b","0xe","0x0","26","0xffff00","1","0x1","0x1b0","0x19c","0x2","12","0x0","255","0","0x18"
"0xe","0x81c3300","0x3c","0x3d","0x3e","0x3f","0x0","0x0","0x40","0","0","0xe","0x0","0x1","0x0","0","0xc","0x34","0x2","0xa","0x14","0xf","0xf0014000a","0xffff","0xffff","0xb","0xffffffff","50","0x8080808070707070606060605050505","0x0","0x64","0x0","0x64","0x0","0x64","0x28002800280028003c003c003c003c0050005000500050006400","1060","1060","1060","1060","0x16e016e","0x41","0xf","0x0","28","0xffff00","1","0x1","0x1b1","0x1a1","0x0","0","0x0","255","0","0x2a"
"0xf","0x81c3304","0x42","0x43","0x44","0x45","0x5","0x0","0x46","0","0","0xf","0x0","0xd","0x6","0","0x9","0x34","0x2","0xa","0x14","0xf","0xf0014000a","0xffff","0xffff","0xb","0xffffffff","50","0x8080808070707070606060605050505","0x0","0x64","0x0","0x64","0x0","0x64","0x28002800280028003c003c003c003c0050005000500050006400","1060","1060","1060","1060","0x16f016f","0x47","0x10","0x0","30","0xffff00","1","0x1","0x1b2","0x19e","0x1","0","0x0","255","0","0x30"
"0x10","0x81c3308","0x18","0x48","0x1a","0x49","0x1c","0x0","0x4a","0","0","0x10","0x0","0x1","0x0","0","0x10","0x44","0x2","0xd","0x15","0xf","0xf0015000d","0xffff","0xffff","0xb","0xffffffff","50","0x8080808070707070606060605050505","0x0","0x64","0x0","0x64","0x0","0x64","0x28002800280028003c003c003c003c0050005000500050006400","1060","1060","1060","1060","0x1700170","0x4b","0x11","0x0","32","0xffff00","1","0x1","0x1b3","0x1a1","0x0","0","0x0","255","0","0xc"
"0x11","0x81c330c","0x1","0x4c","0x3","0x4d","0x5","0x0","0x4e","0","0","0x11","0x0","0x1","0x0","0","0x14","0x44","0x2","0xd","0x15","0xf","0xf0015000d","0xffff","0xffff","0xb","0xffffffff","50","0x8080808070707070606060605050505","0x0","0x64","0x0","0x64","0x0","0x64","0x28002800280028003c003c003c003c0050005000500050006400","1060","1060","1060","1060","0x1710171","0x4f","0x12","0x0","34","0xffff00","1","0x1","0x1b4","0x19d","0x3","0","0x0","255","0","0x18"
"0x12","0x81c3310","0x50","0x51","0x52","0x53","0x0","0x54","0x55","0","0","0x12","0x0","0x1","0x1b","0","0x2","0x44","0x2","0xd","0x15","0xf","0xf0015000d","0xffff","0xffff","0xb","0xffffffff","50","0x8080808070707070606060605050505","0x0","0x64","0x0","0x64","0x0","0x64","0x28002800280028003c003c003c003c0050005000500050006400","1060","1060","1060","1060","0x1720172","0x56","0x13","0x0","36","0xffff00","1","0x1","0x1b5","0x19e","0x1","0","0x0","255","0","0x32"
"0x13","0x81c3314","0x18","0x57","0x1a","0x58","0x1c","0x0","0x59","3","0","0x13","0x0","0x11","0xb","0","0x11","0x44","0x2","0x11","0x18","0x11","0x1100180011","0xffff","0xffff","0xb","0xffffffff","50","0x8080808070707070606060605050505","0x0","0x64","0x0","0x64","0x0","0x64","0x28002800280028003c003c003c003c0050005000500050006400","1060","1060","1060","1060","0x1730173","0x5a","0x14","0x0","38","0xffff00","1","0x1","0x1b6","0x19c","0x2","14","0xc8","255","0","0xb"
"0x14","0x81c3318","0x1","0x5b","0x3","0x5c","0x5","0x0","0x5d","0","0","0x14","0x0","0xc","0xc","0","0xd","0x44","0x2","0xd","0x15","0xf","0xf0015000d","0xffff","0xffff","0xb","0xffffffff","50","0x8080808070707070606060605050505","0x0","0x64","0x0","0x64","0x0","0x64","0x28002800280028003c003c003c003c0050005000500050006400","1060","1060","1060","1060","0x1740174","0x5e","0x15","0x0","40","0xffff00","1","0x1","0x1b7","0x1a0","0x0","0","0x0","255","0","0x31"
"0x15","0x81c331c","0x5f","0x60","0x61","0x62","0x0","0x0","0x63","0","0","0x15","0x0","0xc","0x14","0","0xd","0x44","0x2","0xe","0x16","0xf","0xf0016000e","0xffff","0xffff","0xb","0xffffffff","50","0x8080808070707070606060605050505","0x0","0x64","0x0","0x64","0x0","0x64","0x28002800280028003c003c003c003c0050005000500050006400","1060","1060","1060","1060","0x1750175","0x64","0x16","0x0","42","0xffff00","0","0x1","0x1b8","0x19d","0x3","0","0x0","255","0","0x34"
"0x16","0x81c3320","0x5f","0x60","0x61","0x65","0x0","0x0","0x66","0","0","0x16","0x0","0xc","0x6","0","0xd","0x44","0x2","0x45","0x16","0xf","0xf00160045","0xffff","0xffff","0xb","0xffffffff","50","0x8080808070707070606060605050505","0x0","0x64","0x0","0x64","0x0","0x64","0x28002800280028003c003c003c003c0050005000500050006400","1060","1060","1060","1060","0x1760176","0x67","0x17","0x0","43","0xffff00","0","0x1","0x1b9","0x19d","0x3","0","0x0","255","0","0x34"
"0x17","0x81c3328","0x3c","0x68","0x3e","0x69","0x0","0x0","0x6a","0","0","0x17","0x0","0x13","0xa","0","0xa","0x34","0x2","0xc","0x14","0xf","0xf0014000c","0xffff","0xffff","0xb","0xffffffff","50","0x8080808070707070606060605050505","0x0","0x64","0x0","0x64","0x0","0x64","0x28002800280028003c003c003c003c0050005000500050006400","1060","1060","1060","1060","0x1770177","0x6b","0x18","0x0","18","0xffff00","1","0x1","0x1ba","0x1a1","0x0","0","0x0","255","0","0x26"
"0x18","0x81c332c","0x6c","0x6d","0x6e","0x6f","0x5","0x0","0x70","0","0","0x18","0x0","0x1","0x0","0","0x13","0x34","0x2","0xc","0x14","0xf","0xf0014000c","0xffff","0xffff","0xb","0xffffffff","50","0x8080808070707070606060605050505","0x0","0x64","0x0","0x64","0x0","0x64","0x28002800280028003c003c003c003c0050005000500050006400","1060","1060","1060","1060","0x1780178","0x71","0x19","0x0","20","0xffff00","1","0x1","0x1bb","0x19c","0x2","11","0x1d","255","0","0x7"
"0x19","0x81c3330","0xe","0x72","0x10","0x73","0x12","0x0","0x74","0","0","0x19","0x0","0x8","0x15","0","0x7","0x34","0x2","0xc","0x14","0xf","0xf0014000c","0xffff","0xffff","0xb","0xffffffff","50","0x8080808070707070606060605050505","0x0","0x64","0x0","0x64","0x0","0x64","0x28002800280028003c003c003c003c0050005000500050006400","1060","1060","1060","1060","0x1790179","0x75","0x1a","0x0","24","0xffff00","1","0x1","0x1bd","0x19d","0x3","0","0x0","255","0","0x7"
"0x1a","0x81c3334","0x1","0x2","0x3","0x76","0x5","0x0","0x77","0","0","0x1a","0x0","0xf","0xe","0","0x0","0x34","0x2","0xc","0x14","0xf","0xf0014000c","0xffff","0xffff","0xb","0xffffffff","50","0x8080808070707070606060605050505","0x0","0x64","0x0","0x64","0x0","0x64","0x28002800280028003c003c003c003c0050005000500050006400","1060","1060","1060","1060","0x17a017a","0x78","0x1b","0x0","26","0xffff00","1","0x0","0x1be","0x19e","0x1","0","0x0","255","0","0x18"
"0x1b","0x81c3338","0x79","0x7a","0x7b","0x7c","0x7d","0x0","0x7e","0","0","0x1b","0x0","0x1","0x0","0","0xf","0x34","0x2","0xc","0x14","0xf","0xf0014000c","0xffff","0xffff","0xb","0xffffffff","50","0x8080808070707070606060605050505","0x0","0x64","0x0","0x64","0x0","0x64","0x28002800280028003c003c003c003c0050005000500050006400","1060","1060","1060","1060","0x17b017b","0x7f","0x1c","0x0","28","0xffff00","1","0x1","0x1bf","0x1a1","0x0","0","0x0","255","0","0xc"
"0x1c","0x81c333c","0x42","0x43","0x44","0x45","0x5","0x0","0x46","0","0","0x1c","0x0","0xd","0x4","0","0x9","0x44","0x2","0xc","0x14","0xf","0xf0014000c","0xffff","0xffff","0xb","0xffffffff","50","0x8080808070707070606060605050505","0x0","0x64","0x0","0x64","0x0","0x64","0x28002800280028003c003c003c003c0050005000500050006400","1060","1060","1060","1060","0x17c017c","0x80","0x1d","0x0","30","0xffff00","1","0x1","0x1b2","0x19e","0x1","0","0x0","255","0","0x30"
"0x1d","0x81c3340","0x18","0x48","0x1a","0x49","0x1c","0x0","0x4a","0","0","0x1d","0x0","0x1","0x0","0","0x10","0x44","0x2","0xd","0x15","0xf","0xf0015000d","0xffff","0xffff","0xb","0xffffffff","50","0x8080808070707070606060605050505","0x0","0x64","0x0","0x64","0x0","0x64","0x28002800280028003c003c003c003c0050005000500050006400","1060","1060","1060","1060","0x17d017d","0x81","0x1e","0x0","32","0xffff00","1","0x1","0x1b3","0x1a1","0x0","0","0x0","255","0","0xc"
"0x1e","0x81c3344","0x1","0x4c","0x3","0x4d","0x5","0x0","0x4e","0","0","0x1e","0x0","0x1","0x0","0","0x14","0x44","0x2","0xd","0x15","0xf","0xf0015000d","0xffff","0xffff","0xb","0xffffffff","50","0x8080808070707070606060605050505","0x0","0x64","0x0","0x64","0x0","0x64","0x28002800280028003c003c003c003c0050005000500050006400","1060","1060","1060","1060","0x17e017e","0x82","0x1f","0x0","34","0xffff00","1","0x1","0x1b4","0x19d","0x3","0","0x0","255","0","0x18"
"0x1f","0x81c3348","0x50","0x51","0x52","0x53","0x0","0x54","0x55","0","0","0x1f","0x0","0x1","0x1b","0","0x2","0x44","0x2","0xd","0x15","0xf","0xf0015000d","0xffff","0xffff","0xb","0xffffffff","50","0x8080808070707070606060605050505","0x0","0x64","0x0","0x64","0x0","0x64","0x28002800280028003c003c003c003c0050005000500050006400","1060","1060","1060","1060","0x17f017f","0x83","0x20","0x0","36","0xffff00","1","0x1","0x1b5","0x19e","0x1","0","0x0","255","0","0x32"
"0x20","0x81c334c","0x18","0x57","0x1a","0x58","0x1c","0x0","0x59","3","0","0x20","0x0","0x11","0xb","0","0x11","0x44","0x2","0x11","0x18","0x11","0x1100180011","0xffff","0xffff","0xb","0xffffffff","50","0x8080808070707070606060605050505","0x0","0x64","0x0","0x64","0x0","0x64","0x28002800280028003c003c003c003c0050005000500050006400","1060","1060","1060","1060","0x1800180","0x84","0x21","0x0","38","0xffff00","1","0x1","0x1b6","0x19c","0x2","14","0xc8","255","0","0xc"
"0x21","0x81c3350","0x1","0x5b","0x3","0x5c","0x5","0x0","0x5d","0","0","0x21","0x0","0xc","0xc","0","0xd","0x44","0x2","0xd","0x15","0xf","0xf0015000d","0xffff","0xffff","0xb","0xffffffff","50","0x8080808070707070606060605050505","0x0","0x64","0x0","0x64","0x0","0x64","0x28002800280028003c003c003c003c0050005000500050006400","1060","1060","1060","1060","0x1810181","0x85","0x22","0x0","40","0xffff00","1","0x1","0x1b7","0x1a0","0x0","0","0x0","255","0","0x31"
"0x22","0x81c3354","0x5f","0x60","0x61","0x62","0x0","0x0","0x63","0","0","0x22","0x0","0xc","0x14","0","0xd","0x44","0x2","0xe","0x16","0xf","0xf0016000e","0xffff","0xffff","0xb","0xffffffff","50","0x8080808070707070606060605050505","0x0","0x64","0x0","0x64","0x0","0x64","0x28002800280028003c003c003c003c0050005000500050006400","1060","1060","1060","1060","0x1820182","0x86","0x23","0x0","42","0xffff00","0","0x1","0x1b8","0x19d","0x3","0","0x0","255","0","0x34"
"0x23","0x81c3358","0x5f","0x60","0x61","0x65","0x0","0x0","0x66","0","0","0x23","0x0","0xc","0x6","0","0xd","0x44","0x2","0x45","0x16","0xf","0xf00160045","0xffff","0xffff","0xb","0xffffffff","50","0x8080808070707070606060605050505","0x0","0x64","0x0","0x64","0x0","0x64","0x28002800280028003c003c003c003c0050005000500050006400","1060","1060","1060","1060","0x1830183","0x87","0x24","0x0","43","0xffff00","0","0x1","0x1b9","0x19d","0x3","0","0x0","255","0","0x34"
"0x24","0x81c3360","0x88","0x89","0x8a","0x8b","0x0","0x0","0x8c","0","0","0x24","0x0","0x1","0x0","0","0xb","0x34","0x2","0x12","0x17","0xf","0xf00170012","0xffff","0xffff","0xb","0xffffffff","50","0x8080808070707070606060605050505","0x0","0x64","0x0","0x64","0x0","0x64","0x28002800280028003c003c003c003c0050005000500050006400","1060","1060","1060","1060","0x1840184","0x8d","0x25","0x0","2","0xffff00","1","0x1","0x1c0","0x19e","0x1","0","0x0","255","0","0x9"
"0x25","0x81c3364","0x88","0x89","0x8a","0x8e","0x0","0x0","0x8f","0","0","0x25","0x0","0x1","0x0","0","0xb","0x34","0x2","0x12","0x17","0xf","0xf00170012","0xffff","0xffff","0xb","0xffffffff","50","0x8080808070707070606060605050505","0x0","0x64","0x0","0x64","0x0","0x64","0x28002800280028003c003c003c003c0050005000500050006400","1060","1060","1060","1060","0x1850185","0x90","0x26","0x0","4","0xffff00","1","0x1","0x1c0","0x19e","0x1","0","0x0","255","0","0x9"
"0x26","0x81c3368","0x88","0x89","0x8a","0x91","0x0","0x0","0x92","0","0","0x26","0x0","0x1","0x0","0","0xb","0x34","0x2","0x12","0x17","0xf","0xf00170012","0xffff","0xffff","0xb","0xffffffff","50","0x8080808070707070606060605050505","0x0","0x64","0x0","0x64","0x0","0x64","0x28002800280028003c003c003c003c0050005000500050006400","1060","1060","1060","1060","0x1860186","0x93","0x27","0x0","6","0xffff00","1","0x1","0x1c0","0x19e","0x1","0","0x0","255","0","0x9"
"0x27","0x81c336c","0x88","0x89","0x8a","0x94","0x0","0x0","0x95","0","0","0x27","0x0","0x1","0x0","0","0xb","0x34","0x2","0x12","0x17","0xf","0xf00170012","0xffff","0xffff","0xb","0xffffffff","50","0x8080808070707070606060605050505","0x0","0x64","0x0","0x64","0x0","0x64","0x28002800280028003c003c003c003c0050005000500050006400","1060","1060","1060","1060","0x1870187","0x96","0x28","0x0","8","0xffff00","1","0x1","0x1c0","0x19e","0x1","0","0x0","255","0","0x9"
"0x28","0x81c3370","0x88","0x89","0x8a","0x97","0x0","0x0","0x98","0","0","0x28","0x0","0x1","0x0","0","0xb","0x34","0x2","0x12","0x17","0xf","0xf00170012","0xffff","0xffff","0xb","0xffffffff","50","0x8080808070707070606060605050505","0x0","0x64","0x0","0x64","0x0","0x64","0x28002800280028003c003c003c003c0050005000500050006400","1060","1060","1060","1060","0x1880188","0x99","0x29","0x0","10","0xffff00","1","0x1","0x1c0","0x19e","0x1","0","0x0","255","0","0x9"
"0x29","0x81c3374","0x88","0x89","0x8a","0x9a","0x0","0x0","0x9b","0","0","0x29","0x0","0x1","0x0","0","0xb","0x34","0x2","0x12","0x17","0xf","0xf00170012","0xffff","0xffff","0xb","0xffffffff","50","0x8080808070707070606060605050505","0x0","0x64","0x0","0x64","0x0","0x64","0x28002800280028003c003c003c003c0050005000500050006400","1060","1060","1060","1060","0x1890189","0x9c","0x2a","0x0","12","0xffff00","1","0x1","0x1c0","0x19e","0x1","0","0x0","255","0","0x9"
"0x2a","0x81c3378","0x88","0x89","0x8a","0x9d","0x0","0x0","0x9e","0","0","0x2a","0x0","0x1","0x0","0","0xb","0x34","0x2","0x12","0x17","0xf","0xf00170012","0xffff","0xffff","0xb","0xffffffff","50","0x8080808070707070606060605050505","0x0","0x64","0x0","0x64","0x0","0x64","0x28002800280028003c003c003c003c0050005000500050006400","1060","1060","1060","1060","0x18a018a","0x9f","0x2b","0x0","14","0xffff00","1","0x1","0x1c0","0x19e","0x1","0","0x0","255","0","0x9"
"0x2b","0x81c337c","0x88","0x89","0x8a","0xa0","0x0","0x0","0xa1","0","0","0x2b","0x0","0x1","0x0","0","0xb","0x34","0x2","0x12","0x17","0xf","0xf00170012","0xffff","0xffff","0xb","0xffffffff","50","0x8080808070707070606060605050505","0x0","0x64","0x0","0x64","0x0","0x64","0x28002800280028003c003c003c003c0050005000500050006400","1060","1060","1060","1060","0x18b018b","0xa2","0x2c","0x0","16","0xffff00","1","0x1","0x1c0","0x19e","0x1","0","0x0","255","0","0x9"
"0x2c","0x81c3380","0x88","0x89","0x8a","0xa0","0x0","0x0","0xa1","0","0","0x0","0x0","0x1","0x0","0","0xb","0x34","0x2","0xffff","0xffff","0xffff","0xffffffffffff","0xffff","0xffff","0xffff","0xffffffff","50","0x0","0x0","0x0","0x0","0x0","0x0","0x0","0x0","0","0","0","0","0x0","0x0","0x0","0x0","0","0xffff00","0","0x0","0x0","0x0","0x0","0","0x0","255","0","0x0"
"0x2d","0x81c3380","0x88","0x89","0x8a","0xa0","0x0","0x0","0xa1","0","0","0x0","0x0","0x1","0x0","0","0xb","0x34","0x2","0xffff","0xffff","0xffff","0xffffffffffff","0xffff","0xffff","0xffff","0xffffffff","50","0x0","0x0","0x0","0x0","0x0","0x0","0x0","0x0","0","0","0","0","0x0","0x0","0x0","0x0","0","0xffff00","0","0x0","0x0","0x0","0x0","0","0x0","255","0","0x0"
"0x2e","0x81c3384","0x6c","0xa3","0x6e","0xa4","0x5","0x0","0xa5","0","0","0x2e","0x0","0x1","0x0","0","0xe","0x44","0x2","0x12","0x17","0xf","0xf00170012","0xffff","0xffff","0xb","0xffffffff","50","0x8080808070707070606060605050505","0x0","0x64","0x0","0x64","0x0","0x64","0x28002800280028003c003c003c003c0050005000500050006400","1060","1060","1060","1060","0x18e018e","0xa6","0x2d","0x0","2","0xffff00","1","0x1","0x1c0","0x19e","0x1","0","0x0","255","0","0x9"
"0x2f","0x81c3388","0x6c","0xa3","0x6e","0xa7","0x5","0x0","0xa8","0","0","0x2f","0x0","0x1","0x0","0","0xe","0x44","0x2","0x12","0x17","0xf","0xf00170012","0xffff","0xffff","0xb","0xffffffff","50","0x8080808070707070606060605050505","0x0","0x64","0x0","0x64","0x0","0x64","0x28002800280028003c003c003c003c0050005000500050006400","1060","1060","1060","1060","0x18f018f","0xa9","0x2e","0x0","4","0xffff00","1","0x1","0x1c0","0x19e","0x1","0","0x0","255","0","0x9"
"0x30","0x81c338c","0x6c","0xa3","0x6e","0xaa","0x5","0x0","0xab","0","0","0x30","0x0","0x1","0x0","0","0xe","0x44","0x2","0x12","0x17","0xf","0xf00170012","0xffff","0xffff","0xb","0xffffffff","50","0x8080808070707070606060605050505","0x0","0x64","0x0","0x64","0x0","0x64","0x28002800280028003c003c003c003c0050005000500050006400","1060","1060","1060","1060","0x1900190","0xac","0x2f","0x0","6","0xffff00","1","0x1","0x1c0","0x19e","0x1","0","0x0","255","0","0x9"
"0x31","0x81c3390","0x6c","0xa3","0x6e","0xad","0x5","0x0","0xae","0","0","0x31","0x0","0x1","0x0","0","0xe","0x44","0x2","0x12","0x17","0xf","0xf00170012","0xffff","0xffff","0xb","0xffffffff","50","0x8080808070707070606060605050505","0x0","0x64","0x0","0x64","0x0","0x64","0x28002800280028003c003c003c003c0050005000500050006400","1060","1060","1060","1060","0x1910191","0xaf","0x30","0x0","8","0xffff00","1","0x1","0x1c0","0x19e","0x1","0","0x0","255","0","0x9"
"0x32","0x81c3394","0x6c","0xa3","0x6e","0xb0","0x5","0x0","0xb1","0","0","0x32","0x0","0x1","0x0","0","0xe","0x44","0x2","0x12","0x17","0xf","0xf00170012","0xffff","0xffff","0xb","0xffffffff","50","0x8080808070707070606060605050505","0x0","0x64","0x0","0x64","0x0","0x64","0x28002800280028003c003c003c003c0050005000500050006400","1060","1060","1060","1060","0x1920192","0xb2","0x31","0x0","10","0xffff00","1","0x1","0x1c0","0x19e","0x1","0","0x0","255","0","0x9"
"0x33","0x81c3398","0x6c","0xa3","0x6e","0xb3","0x5","0x0","0xb4","0","0","0x33","0x0","0x1","0x0","0","0xe","0x44","0x2","0x12","0x17","0xf","0xf00170012","0xffff","0xffff","0xb","0xffffffff","50","0x8080808070707070606060605050505","0x0","0x64","0x0","0x64","0x0","0x64","0x28002800280028003c003c003c003c0050005000500050006400","1060","1060","1060","1060","0x1930193","0xb5","0x32","0x0","12","0xffff00","1","0x1","0x1c0","0x19e","0x1","0","0x0","255","0","0x9"
"0x34","0x81c339c","0x6c","0xa3","0x6e","0xb6","0x5","0x0","0xb7","0","0","0x34","0x0","0x1","0x0","0","0xe","0x44","0x2","0x12","0x17","0xf","0xf00170012","0xffff","0xffff","0xb","0xffffffff","50","0x8080808070707070606060605050505","0x0","0x64","0x0","0x64","0x0","0x64","0x28002800280028003c003c003c003c0050005000500050006400","1060","1060","1060","1060","0x1940194","0xb8","0x33","0x0","14","0xffff00","1","0x1","0x1c0","0x19e","0x1","0","0x0","255","0","0x9"
"0x35","0x81c33a0","0x18","0xb9","0x1a","0xba","0x1c","0x0","0xbb","0","0","0x35","0x0","0x1","0x0","0","0xe","0x44","0x2","0x12","0x17","0xf","0xf00170012","0xffff","0xffff","0xb","0xffffffff","50","0x8080808070707070606060605050505","0x0","0x64","0x0","0x64","0x0","0x64","0x28002800280028003c003c003c003c0050005000500050006400","1060","1060","1060","1060","0x1950195","0xbc","0x34","0x0","16","0xffff00","1","0x1","0x1c0","0x19e","0x1","0","0x0","255","0","0x9"
"0x36","0x81c33a4","0x50","0x51","0x52","0xbd","0x0","0x54","0xbe","0","0","0x36","0x0","0x1","0x0","0","0x2","0x44","0x2","0x12","0x17","0xf","0xf00170012","0xffff","0xffff","0xb","0xffffffff","50","0x8080808070707070606060605050505","0x0","0x64","0x0","0x64","0x0","0x64","0x28002800280028003c003c003c003c0050005000500050006400","1060","1060","1060","1060","0x1960196","0xbf","0x35","0x0","18","0xffff00","1","0x1","0x1c0","0x19e","0x1","0","0x0","255","0","0x9"
"0x37","0x81c33a8","0x6c","0xa3","0x6e","0xc0","0x5","0x0","0xc1","0","0","0x37","0x0","0x1","0x0","0","0xe","0x44","0x2","0x12","0x17","0xf","0xf00170012","0xffff","0xffff","0xb","0xffffffff","50","0x8080808070707070606060605050505","0x0","0x64","0x0","0x64","0x0","0x64","0x28002800280028003c003c003c003c0050005000500050006400","1060","1060","1060","1060","0x1970197","0xc2","0x36","0x0","20","0xffff00","1","0x1","0x1c0","0x19e","0x1","0","0x0","255","0","0x9"
"0x38","0x81c33ac","0x1","0x2","0x3","0xc3","0x5","0x0","0xc4","0","0","0x38","0x0","0x1","0x0","0","0xe","0x34","0x2","0x9","0x13","0xf","0xf00130009","0xffff","0xffff","0xb","0xffffffff","50","0x8080808070707070606060605050505","0x0","0x64","0x0","0x64","0x0","0x64","0x28002800280028003c003c003c003c0050005000500050006400","1060","1060","1060","1060","0x1980198","0xc5","0x37","0x0","0","0xffff00","0","0x1","0x1c0","0x19e","0x1","0","0x0","255","0","0x9"
"0x39","0x81c33b0","0x1","0x2","0x3","0xc6","0x5","0x0","0xc7","0","0","0x39","0x0","0x1","0x0","0","0x0","0x34","0x2","0xd","0x15","0xf","0xf0015000d","0xffff","0xffff","0xb","0xffffffff","50","0x8080808070707070606060605050505","0x0","0x64","0x0","0x64","0x0","0x64","0x28002800280028003c003c003c003c0050005000500050006400","1060","1060","1060","1060","0x1990199","0xc8","0x38","0x0","0","0xffff00","1","0x0","0x1c0","0x19e","0x1","0","0x0","255","0","0x1d"
"0x3a","0x81c3380","0x3c","0x68","0x3e","0xc9","0x0","0x0","0x0","0","0","0x0","0x0","0x1","0x0","0","0x0","0x34","0x2","0xffff","0xffff","0xffff","0xffffffffffff","0xffff","0xffff","0xffff","0xffffffff","50","0x0","0x0","0x0","0x0","0x0","0x0","0x0","0x0","0","0","0","0","0x0","0x0","0x0","0x0","0","0xffff00","0","0x0","0x0","0x0","0x0","0","0x0","255","0","0x0"
"0x3b","0x81c33b4","0xe","0xf","0x10","0xca","0x12","0x0","0x0","0","0","0x0","0x0","0x1","0x0","0","0x4","0x34","0x2","0x9","0x13","0xf","0xf00130009","0xffff","0xffff","0xb","0xffffffff","50","0x8080808070707070606060605050505","0x0","0x64","0x0","0x64","0x0","0x64","0x28002800280028003c003c003c003c0050005000500050006400","1060","1060","1060","1060","0x0","0xcb","0x0","0x0","0","0xffff00","0","0x0","0x1c0","0x19e","0x1","0","0x0","255","0","0x9"
"0x3c","0x81c33b8","0x1","0x2","0x3","0xcc","0x5","0x0","0x0","0","0","0x0","0x0","0x1","0x0","0","0x4","0x34","0x2","0x9","0x13","0xf","0xf00130009","0xffff","0xffff","0xb","0xffffffff","50","0x8080808070707070606060605050505","0x0","0x64","0x0","0x64","0x0","0x64","0x28002800280028003c003c003c003c0050005000500050006400","1060","1060","1060","1060","0x0","0xcd","0x0","0x0","0","0xffff00","0","0x0","0x1c0","0x19e","0x1","0","0x0","255","0","0x9"
"0x3d","0x81c33bc","0x3c","0xce","0x3e","0xcf","0x0","0x0","0xd0","3","0","0x3d","0x0","0x1","0x0","0","0xa","0x34","0x2","0x11","0x18","0xf","0xf00180011","0xffff","0xffff","0xb","0xffffffff","50","0x8080808070707070606060605050505","0x0","0x64","0x0","0x64","0x0","0x64","0x28002800280028003c003c003c003c0050005000500050006400","1060","1060","1060","1060","0x19a019a","0xd1","0x39","0x0","22","0xffff00","1","0x0","0x1ae","0x19e","0x1","0","0x0","255","0","0x1a"
"0x3e","0x81c33c4","0xe","0x72","0x10","0xd2","0xd3","0x0","0xd4","3","0","0x3e","0x0","0x1","0x0","0","0x8","0x34","0x2","0x11","0x18","0xf","0xf00180011","0xffff","0xffff","0xb","0xffffffff","50","0x8080808070707070606060605050505","0x0","0x64","0x0","0x64","0x0","0x64","0x28002800280028003c003c003c003c0050005000500050006400","1060","1060","1060","1060","0x19b019b","0xd5","0x3a","0x0","22","0xffff00","1","0x1","0x1bc","0x19e","0x1","0","0x0","255","0","0x8"
"0x3f","0x81c3380","0x1","0x2","0x3","0xd6","0x5","0x0","0x0","0","0","0x0","0x0","0x1","0x0","0","0x0","0x0","0x0","0xffff","0xffff","0xffff","0xffffffffffff","0xffff","0xffff","0xffff","0xffffffff","50","0x0","0x0","0x0","0x0","0x0","0x0","0x0","0x0","0","0","0","0","0x0","0xc5","0x0","0x0","0","0xffff00","0","0x0","0x0","0x0","0x0","0","0x0","255","0","0x0"
"0x40","0x81c3380","0x1","0x2","0x3","0xd7","0x5","0x0","0x0","0","0","0x0","0x0","0x1","0x0","0","0x0","0x0","0x0","0xffff","0xffff","0xffff","0xffffffffffff","0xffff","0xffff","0xffff","0xffffffff","50","0x0","0x0","0x0","0x0","0x0","0x0","0x0","0x0","0","0","0","0","0x0","0xc5","0x0","0x0","0","0xffff00","0","0x0","0x0","0x0","0x0","0","0x0","255","0","0x0"
"0x41","0x81c3380","0x2e","0x34","0x30","0xd8","0x0","0x0","0x0","0","0","0x0","0x0","0x1","0x0","0","0x0","0x0","0x0","0xffff","0xffff","0xffff","0xffffffffffff","0xffff","0xffff","0xffff","0xffffffff","50","0x0","0x0","0x0","0x0","0x0","0x0","0x0","0x0","0","0","0","0","0x0","0xc5","0x0","0x0","0","0xffff00","0","0x0","0x0","0x0","0x0","0","0x0","255","0","0x0"
"0x42","0x81c3380","0x18","0x48","0x1a","0xd9","0x1c","0x0","0xda","0","0","0x0","0x0","0x1","0x0","0","0x0","0x0","0x0","0xffff","0xffff","0xffff","0xffffffffffff","0xffff","0xffff","0xffff","0xffffffff","50","0x0","0x0","0x0","0x0","0x0","0x0","0x0","0x0","0","0","0","0","0x0","0xc5","0x0","0x0","0","0xffff00","0","0x0","0x0","0x0","0x0","0","0x0","255","0","0x0"
"0x43","0x81c3380","0x18","0x48","0x1a","0xdb","0x1c","0x0","0x0","0","0","0x0","0x0","0x1","0x0","0","0x0","0x0","0x0","0xffff","0xffff","0xffff","0xffffffffffff","0xffff","0xffff","0xffff","0xffffffff","50","0x0","0x0","0x0","0x0","0x0","0x0","0x0","0x0","0","0","0","0","0x0","0xc5","0x0","0x0","0","0xffff00","0","0x0","0x0","0x0","0x0","0","0x0","255","0","0x0"
"0x44","0x81c3380","0x18","0x19","0x1a","0xdc","0x1c","0x0","0x0","0","0","0x0","0x0","0x1","0x0","0","0x0","0x0","0x0","0xffff","0xffff","0xffff","0xffffffffffff","0xffff","0xffff","0xffff","0xffffffff","50","0x0","0x0","0x0","0x0","0x0","0x0","0x0","0x0","0","0","0","0","0x0","0xc5","0x0","0x0","0","0xffff00","0","0x0","0x0","0x0","0x0","0","0x0","255","0","0x0"
"0x45","0x81c3380","0x1","0x2","0x3","0xdd","0x5","0x0","0x0","0","0","0x0","0x0","0x1","0x0","0","0x0","0x0","0x0","0xffff","0xffff","0xffff","0xffffffffffff","0xffff","0xffff","0xffff","0xffffffff","50","0x0","0x0","0x0","0x0","0x0","0x0","0x0","0x0","0","0","0","0","0x0","0xc5","0x0","0x0","0","0xffff00","0","0x0","0x0","0x0","0x0","0","0x0","255","0","0x0"
"0x46","0x81c3380","0x79","0x7a","0x7b","0xde","0x7d","0x0","0xdf","0","0","0x0","0x0","0x1","0x0","0","0x0","0x0","0x0","0xffff","0xffff","0xffff","0xffffffffffff","0xffff","0xffff","0xffff","0xffffffff","50","0x0","0x0","0x0","0x0","0x0","0x0","0x0","0x0","0","0","0","0","0x0","0xc5","0x0","0x0","0","0xffff00","0","0x0","0x0","0x0","0x0","0","0x0","255","0","0x0"
"0x47","0x81c3380","0x18","0x48","0x1a","0xe0","0x1c","0x0","0xe1","0","0","0x0","0x0","0x1","0x0","0","0x0","0x0","0x0","0xffff","0xffff","0xffff","0xffffffffffff","0xffff","0xffff","0xffff","0xffffffff","50","0x0","0x0","0x0","0x0","0x0","0x0","0x0","0x0","0","0","0","0","0x0","0xc5","0x0","0x0","0","0xffff00","0","0x0","0x0","0x0","0x0","0","0x0","255","0","0x0"
"0x48","0x81c3380","0x18","0x57","0x1a","0xe2","0x1c","0x0","0xe3","0","0","0x0","0x0","0x1","0x0","0","0x0","0x0","0x0","0xffff","0xffff","0xffff","0xffffffffffff","0xffff","0xffff","0xffff","0xffffffff","50","0x0","0x0","0x0","0x0","0x0","0x0","0x0","0x0","0","0","0","0","0x0","0xc5","0x0","0x0","0","0xffff00","0","0x0","0x0","0x0","0x0","0","0x0","255","0","0x0"
"0x49","0x81c3380","0x1","0x2","0x3","0xe4","0x5","0x0","0x0","0","0","0x0","0x0","0x1","0x0","0","0x0","0x0","0x0","0xffff","0xffff","0xffff","0xffffffffffff","0xffff","0xffff","0xffff","0xffffffff","50","0x0","0x0","0x0","0x0","0x0","0x0","0x0","0x0","0","0","0","0","0x0","0xc5","0x0","0x0","0","0xffff00","0","0x0","0x0","0x0","0x0","0","0x0","255","0","0x0"
"0x4a","0x81c3380","0x3c","0x68","0x3e","0xe5","0x0","0x0","0x0","0","0","0x0","0x0","0x1","0x0","0","0x0","0x0","0x0","0xffff","0xffff","0xffff","0xffffffffffff","0xffff","0xffff","0xffff","0xffffffff","50","0x0","0x0","0x0","0x0","0x0","0x0","0x0","0x0","0","0","0","0","0x0","0xc5","0x0","0x0","0","0xffff00","0","0x0","0x0","0x0","0x0","0","0x0","255","0","0x0"
"0x4b","0x81c3380","0x79","0xe6","0x7b","0xe7","0x7d","0x0","0x0","0","0","0x0","0x0","0x1","0x0","0","0x0","0x0","0x0","0xffff","0xffff","0xffff","0xffffffffffff","0xffff","0xffff","0xffff","0xffffffff","50","0x0","0x0","0x0","0x0","0x0","0x0","0x0","0x0","0","0","0","0","0x0","0xc5","0x0","0x0","0","0xffff00","0","0x0","0x0","0x0","0x0","0","0x0","255","0","0x0"
"0x4c","0x81c3380","0x1","0x2","0x3","0xe8","0x5","0x0","0x0","0","0","0x0","0x0","0x1","0x0","0","0x0","0x0","0x0","0xffff","0xffff","0xffff","0xffffffffffff","0xffff","0xffff","0xffff","0xffffffff","50","0x0","0x0","0x0","0x0","0x0","0x0","0x0","0x0","0","0","0","0","0x0","0xc5","0x0","0x0","0","0xffff00","0","0x0","0x0","0x0","0x0","0","0x0","255","0","0x0"
"0x4d","0x81c3380","0x79","0x7a","0x7b","0xe9","0x7d","0x0","0x0","0","0","0x0","0x0","0x1","0x0","0","0x0","0x0","0x0","0xffff","0xffff","0xffff","0xffffffffffff","0xffff","0xffff","0xffff","0xffffffff","50","0x0","0x0","0x0","0x0","0x0","0x0","0x0","0x0","0","0","0","0","0x0","0xc5","0x0","0x0","0","0xffff00","0","0x0","0x0","0x0","0x0","0","0x0","255","0","0x0"
"0x4e","0x81c3380","0xe","0xea","0x10","0xeb","0x12","0x0","0x0","0","0","0x0","0x0","0x1","0x0","0","0x0","0x0","0x0","0xffff","0xffff","0xffff","0xffffffffffff","0xffff","0xffff","0xffff","0xffffffff","50","0x0","0x0","0x0","0x0","0x0","0x0","0x0","0x0","0","0","0","0","0x0","0xc5","0x0","0x0","0","0xffff00","0","0x0","0x0","0x0","0x0","0","0x0","255","0","0x0"
